Gorsel,Okunan_Yazi,Guven_Skoru
images (2).jpeg,emckl,0.21
images (2).jpeg,Gkmcka,0.24
images (14).jpeg,MAĞAZA,0.96
images (14).jpeg,MAGAZA ),0.32
images (14).jpeg,MAGAZA,1.0
images (16).jpeg,Jmag,0.2
images (16).jpeg,GustI,0.45
indir.jpeg,Harput Eulak,0.42
indir.jpeg,Ersin Kavlak,0.68
images (4).jpeg,adidas',0.66
images (4).jpeg,uoo,0.03
images.jpeg,TURKCELL,0.97
images.jpeg,agt,0.01
images (10).jpeg,ASYA,1.0
images (10).jpeg,hn,0.09
images (10).jpeg,Auakkaue,0.21
indir (8).jpeg,Fuilhouse,0.86
images (6).jpeg,GLAZE,1.0
images (6).jpeg,FOOD,0.93
images (6).jpeg,Kavanoz Meze,0.78
images (17).jpeg,{,0.67
images (17).jpeg,Somine,0.99
images (17).jpeg,Toknlk,0.75
images (17).jpeg,Emlak,1.0
images (17).jpeg,0251 4l 14,0.04
images (17).jpeg,T7,0.02
images (1).jpeg,BARBER SHOP,0.96
images (1).jpeg,~nere Oon,0.0
images (1).jpeg,lG Z404,0.01
images (15).jpeg,KVDse,0.16
images (15).jpeg,GIFT SHOP,0.96
images (15).jpeg,COVE|,0.51
images (11).jpeg,ULUKISLA,0.99
images (11).jpeg,DOGALGAZ,0.69
images (11).jpeg,oieaeo,0.06
images (11).jpeg,MAn,0.01
indir (9).jpeg,BARBERSTO,0.99
images (7).jpeg,ZorL ,0.08
images (5).jpeg,BCl,0.44
images (5).jpeg,ECZA,0.92
images (5).jpeg,CinARLAR,0.45
images (5).jpeg,ANESI,0.17
images (13).jpeg,U,0.8
images (13).jpeg,Thank,0.76
images (13).jpeg,Ollevk,0.2
indir (7).jpeg,Bi.,0.32
indir (7).jpeg,SALAG,0.23
images (9).jpeg,Çiğköft,0.28
images (20).jpeg,TOPÇEKEN -,0.72
images (20).jpeg,LER,1.0
images (20).jpeg,Sokagi,0.31
images (20).jpeg,2697,0.15
indir (5).jpeg,HDI,0.36
indir (5).jpeg,msatpetri,0.12
indir (5).jpeg,Ven | projemiZu,0.26
indir (5).jpeg,cok Vakindi,0.16
indir (5).jpeg,OuKoov,0.01
indir (5).jpeg,KUEY,0.83
indir (1).jpeg,VIZYON,0.55
indir (1).jpeg,Emlak [Gayrimcakul,0.3
indir (1).jpeg,Curtsuluhu,0.34
images (19).jpeg,Kale (Castle),0.99
images (19).jpeg,Ulu Caml,0.5
images (19).jpeg,tulosoue,0.11
images (19).jpeg,Mevlevihane Müzesi,0.83
images (19).jpeg,(ucvlevi-Lodge Museum),0.44
images (19).jpeg,Tarihi Konaklar,0.99
images (19).jpeg,(Historical Mansions),0.7
indir (3).jpeg,92,0.35
indir (3).jpeg,SEns,0.17
indir (3).jpeg,NA,0.03
indir (3).jpeg,aGnes{,0.0
indir (4).jpeg,Fuilhouse,0.86
images (21).jpeg,PİLAVCI ALKAN?,0.85
indir (6).jpeg,ZA7 E_porti,0.03
indir (6).jpeg,0553 Mna 3D5,0.01
images (8).jpeg,Boston Donuts,0.78
indir (2).jpeg,@ÖKHAN,0.37
images (18).jpeg,GOLD,0.99
images (18).jpeg,JACKET,0.9
